<?xml version="0.1" encoding="UTF-8" standalone="yes"?>
<addon id="repository.ZihuaFlix" name="[COLOR royalblue][COLOR white]Zihua[/COLOR][B]Flix[/B][/COLOR] Repo" version="0.1" provider-name="Angel P. Chavez">
    <extension point="xbmc.addon.repository" name="[COLOR royalblue][COLOR white]Zihua[/COLOR][B]Flix[/B][/COLOR]">
        <info>https://raw.githubusercontent.com/KodiZihua/ZihuaFlix/master/Repositorio/addons.xml</info>
        <checksum>https://raw.githubusercontent.com/KodiZihua/ZihuaFlix/master/Repositorio/addons.xml.md5</checksum>
        <datadir zip="true">https://raw.githubusercontent.com/KodiZihua/master/Repositorio/</datadir>
    </extension>
    <extension point="xbmc.addon.metadata">
        <summary>Repositorio [COLOR royalblue][COLOR white]Zihua[/COLOR][B]Flix[/B][/COLOR]</summary>
        <description></description>
        <disclaimer></disclaimer>
        <platform>all</platform>
    </extension>
</addon>
